"Country","Slug","ISO2"
"Andorra","andorra","AD"
"Argentina","argentina","AR"
"Fiji","fiji","FJ"
"Ireland","ireland","IE"
"Panama","panama","PA"
"Tunisia","tunisia","TN"
"Turkmenistan","turkmenistan","TM"
"Niger","niger","NE"
"Viet Nam","vietnam","VN"
"Wallis and Futuna Islands","wallis-and-futuna-islands","WF"
"Brunei Darussalam","brunei","BN"
"Guadeloupe","guadeloupe","GP"
"Seychelles","seychelles","SC"
"Sudan","sudan","SD"
"Yemen","yemen","YE"
"Armenia","armenia","AM"
"Australia","australia","AU"
"British Virgin Islands","british-virgin-islands","VG"
"Monaco","monaco","MC"
"Nicaragua","nicaragua","NI"
"Israel","israel","IL"
"Cameroon","cameroon","CM"
"Congo (Brazzaville)","congo-brazzaville","CG"
"Falkland Islands (Malvinas)","falkland-islands-malvinas","FK"
"Latvia","latvia","LV"
"Pitcairn","pitcairn","PN"
"Sweden","sweden","SE"
"China","china","CN"
"Djibouti","djibouti","DJ"
"Equatorial Guinea","equatorial-guinea","GQ"
"Luxembourg","luxembourg","LU"
"Montenegro","montenegro","ME"
"Estonia","estonia","EE"
"South Sudan","south-sudan","SS"
"Cayman Islands","cayman-islands","KY"
"Grenada","grenada","GD"
"Macedonia, Republic of","macedonia","MK"
"Malta","malta","MT"
"Nauru","nauru","NR"
"Algeria","algeria","DZ"
"El Salvador","el-salvador","SV"
"Honduras","honduras","HN"
"Mexico","mexico","MX"
"Sierra Leone","sierra-leone","SL"
"Suriname","suriname","SR"
"Nepal","nepal","NP"
"Netherlands Antilles","netherlands-antilles","AN"
"Senegal","senegal","SN"
"France","france","FR"
"Guyana","guyana","GY"
"Libya","libya","LY"
"Mauritania","mauritania","MR"
"Philippines","philippines","PH"
"Saint-Barthélemy","saint-barthélemy","BL"
"Guernsey","guernsey","GG"
"Korea (South)","korea-south","KR"
"Slovakia","slovakia","SK"
"Svalbard and Jan Mayen Islands","svalbard-and-jan-mayen-islands","SJ"
"Cape Verde","cape-verde","CV"
"Finland","finland","FI"
"French Southern Territories","french-southern-territories","TF"
"Kyrgyzstan","kyrgyzstan","KG"
"ALA Aland Islands","ala-aland-islands","AX"
"Antigua and Barbuda","antigua-and-barbuda","AG"
"Iran, Islamic Republic of","iran","IR"
"Lesotho","lesotho","LS"
"Belgium","belgium","BE"
"Guinea","guinea","GN"
"South Africa","south-africa","ZA"
"Costa Rica","costa-rica","CR"
"Palestinian Territory","palestine","PS"
"Puerto Rico","puerto-rico","PR"
"Gambia","gambia","GM"
"Madagascar","madagascar","MG"
"Marshall Islands","marshall-islands","MH"
"South Georgia and the South Sandwich Islands","south-georgia-and-the-south-sandwich-islands","GS"
"Burundi","burundi","BI"
"Saint Pierre and Miquelon","saint-pierre-and-miquelon","PM"
"Comoros","comoros","KM"
"Croatia","croatia","HR"
"Namibia","namibia","NA"
"Netherlands","netherlands","NL"
"Romania","romania","RO"
"Saint Kitts and Nevis","saint-kitts-and-nevis","KN"
"Turks and Caicos Islands","turks-and-caicos-islands","TC"
"Albania","albania","AL"
"Mayotte","mayotte","YT"
"Micronesia, Federated States of","micronesia","FM"
"Saudi Arabia","saudi-arabia","SA"
"Taiwan, Republic of China","taiwan","TW"
"Bangladesh","bangladesh","BD"
"Bouvet Island","bouvet-island","BV"
"Gabon","gabon","GA"
"Ukraine","ukraine","UA"
"Georgia","georgia","GE"
"Pakistan","pakistan","PK"
"Virgin Islands, US","virgin-islands","VI"
"Bulgaria","bulgaria","BG"
"Gibraltar","gibraltar","GI"
"Bahamas","bahamas","BS"
"Guam","guam","GU"
"Kenya","kenya","KE"
"Lebanon","lebanon","LB"
"Slovenia","slovenia","SI"
"Cocos (Keeling) Islands","cocos-keeling-islands","CC"
"Czech Republic","czech-republic","CZ"
"Japan","japan","JP"
"Portugal","portugal","PT"
"Burkina Faso","burkina-faso","BF"
"US Minor Outlying Islands","us-minor-outlying-islands","UM"
"Chile","chile","CL"
"French Guiana","french-guiana","GF"
"Hong Kong, SAR China","hong-kong-sar-china","HK"
"Mongolia","mongolia","MN"
"Samoa","samoa","WS"
"San Marino","san-marino","SM"
"Ghana","ghana","GH"
"Heard and Mcdonald Islands","heard-and-mcdonald-islands","HM"
"Western Sahara","western-sahara","EH"
"Korea (North)","korea-north","KP"
"Martinique","martinique","MQ"
"Eritrea","eritrea","ER"
"Macao, SAR China","macao-sar-china","MO"
"Saint-Martin (French part)","saint-martin-french-part","MF"
"Uganda","uganda","UG"
"Venezuela (Bolivarian Republic)","venezuela","VE"
"Angola","angola","AO"
"Isle of Man","isle-of-man","IM"
"Kiribati","kiribati","KI"
"Papua New Guinea","papua-new-guinea","PG"
"Tonga","tonga","TO"
"American Samoa","american-samoa","AS"
"Bahrain","bahrain","BH"
"Christmas Island","christmas-island","CX"
"Haiti","haiti","HT"
"Italy","italy","IT"
"Liechtenstein","liechtenstein","LI"
"Togo","togo","TG"
"Cook Islands","cook-islands","CK"
"Norway","norway","NO"
"Trinidad and Tobago","trinidad-and-tobago","TT"
"Cuba","cuba","CU"
"Holy See (Vatican City State)","holy-see-vatican-city-state","VA"
"Liberia","liberia","LR"
"Morocco","morocco","MA"
"Saint Lucia","saint-lucia","LC"
"Oman","oman","OM"
"Vanuatu","vanuatu","VU"
"Zimbabwe","zimbabwe","ZW"
"Faroe Islands","faroe-islands","FO"
"Hungary","hungary","HU"
"Lao PDR","lao-pdr","LA"
"Norfolk Island","norfolk-island","NF"
"Réunion","réunion","RE"
"Thailand","thailand","TH"
"India","india","IN"
"Kazakhstan","kazakhstan","KZ"
"Tokelau","tokelau","TK"
"Turkey","turkey","TR"
"Greenland","greenland","GL"
"Uruguay","uruguay","UY"
"Anguilla","anguilla","AI"
"British Indian Ocean Territory","british-indian-ocean-territory","IO"
"Canada","canada","CA"
"Malawi","malawi","MW"
"Qatar","qatar","QA"
"Tanzania, United Republic of","tanzania","TZ"
"Kuwait","kuwait","KW"
"Myanmar","myanmar","MM"
"Saint Helena","saint-helena","SH"
"Switzerland","switzerland","CH"
"Republic of Kosovo","kosovo","XK"
"Bosnia and Herzegovina","bosnia-and-herzegovina","BA"
"Mauritius","mauritius","MU"
"New Zealand","new-zealand","NZ"
"Syrian Arab Republic (Syria)","syria","SY"
"Timor-Leste","timor-leste","TL"
"Tuvalu","tuvalu","TV"
"Bhutan","bhutan","BT"
"Mali","mali","ML"
"New Caledonia","new-caledonia","NC"
"Tajikistan","tajikistan","TJ"
"Serbia","serbia","RS"
"Sri Lanka","sri-lanka","LK"
"Aruba","aruba","AW"
"Cambodia","cambodia","KH"
"Chad","chad","TD"
"Swaziland","swaziland","SZ"
"Austria","austria","AT"
"Lithuania","lithuania","LT"
"Central African Republic","central-african-republic","CF"
"Denmark","denmark","DK"
"Montserrat","montserrat","MS"
"Russian Federation","russia","RU"
"Saint Vincent and Grenadines","saint-vincent-and-the-grenadines","VC"
"Poland","poland","PL"
"Brazil","brazil","BR"
"Belarus","belarus","BY"
"Guatemala","guatemala","GT"
"Azerbaijan","azerbaijan","AZ"
"Indonesia","indonesia","ID"
"Colombia","colombia","CO"
"Uzbekistan","uzbekistan","UZ"
"Somalia","somalia","SO"
"Antarctica","antarctica","AQ"
"Bolivia","bolivia","BO"
"Dominica","dominica","DM"
"Germany","germany","DE"
"Maldives","maldives","MV"
"Palau","palau","PW"
"Sao Tome and Principe","sao-tome-and-principe","ST"
"United Kingdom","united-kingdom","GB"
"United States of America","united-states","US"
"Cyprus","cyprus","CY"
"Côte d'Ivoire","cote-divoire","CI"
"French Polynesia","french-polynesia","PF"
"Jamaica","jamaica","JM"
"Jersey","jersey","JE"
"Spain","spain","ES"
"Botswana","botswana","BW"
"Dominican Republic","dominican-republic","DO"
"Ethiopia","ethiopia","ET"
"Jordan","jordan","JO"
"Moldova","moldova","MD"
"Mozambique","mozambique","MZ"
"Bermuda","bermuda","BM"
"Ecuador","ecuador","EC"
"Malaysia","malaysia","MY"
"Nigeria","nigeria","NG"
"Peru","peru","PE"
"Zambia","zambia","ZM"
"Belize","belize","BZ"
"Egypt","egypt","EG"
"Solomon Islands","solomon-islands","SB"
"Congo (Kinshasa)","congo-kinshasa","CD"
"Paraguay","paraguay","PY"
"United Arab Emirates","united-arab-emirates","AE"
"Greece","greece","GR"
"Guinea-Bissau","guinea-bissau","GW"
"Iraq","iraq","IQ"
"Niue","niue","NU"
"Rwanda","rwanda","RW"
"Singapore","singapore","SG"
"Afghanistan","afghanistan","AF"
"Barbados","barbados","BB"
"Iceland","iceland","IS"
"Benin","benin","BJ"
"Northern Mariana Islands","northern-mariana-islands","MP"